,refListId,date,reason,quantity,quantityMatching,quantityMissing,quantityNotExpected,timestampStart,ciuchStart,timestampStop,ciuchStop,deltaStart
0,reflist_0,"07/11/2019 18:53:54,207",0,8,8,0,0,1573152820370,"07/11/2019 18:53:52,370",1573152834197,"07/11/2019 18:53:54,197","7,90"
1,reflist_1,"07/11/2019 18:54:04,471",0,10,10,0,0,1573152830637,"07/11/2019 18:54:02,637",1573152844463,"07/11/2019 18:54:04,463","10,27"
2,reflist_2,"07/11/2019 18:54:15,454",0,34,34,0,0,1573152841587,"07/11/2019 18:54:13,587",1573152855447,"07/11/2019 18:54:15,447","10,95"
3,reflist_3,"07/11/2019 18:54:19,643",0,10,10,0,0,1573152845942,"07/11/2019 18:54:17,942",1573152859591,"07/11/2019 18:54:19,591","4,36"
4,reflist_4,"07/11/2019 18:54:25,537",0,5,5,0,0,1573152851683,"07/11/2019 18:54:23,683",1573152865528,"07/11/2019 18:54:25,528","5,74"
5,reflist_5,"07/11/2019 18:54:31,291",201,40,39,1,0,1573152857422,"07/11/2019 18:54:29,422",1573152871278,"07/11/2019 18:54:31,278","5,74"
6,reflist_6,"07/11/2019 18:54:36,703",0,12,12,0,0,1573152862953,"07/11/2019 18:54:34,953",1573152876685,"07/11/2019 18:54:36,685","5,53"
7,reflist_7,"07/11/2019 18:54:42,620",0,10,10,0,0,1573152868829,"07/11/2019 18:54:40,829",1573152882611,"07/11/2019 18:54:42,611","5,88"
8,reflist_8,"07/11/2019 18:54:48,169",0,40,40,0,0,1573152874383,"07/11/2019 18:54:46,383",1573152888158,"07/11/2019 18:54:48,158","5,55"
9,reflist_9,"07/11/2019 18:54:54,061",0,8,8,0,0,1573152880122,"07/11/2019 18:54:52,122",1573152894051,"07/11/2019 18:54:54,051","5,74"
10,reflist_0,"07/11/2019 18:54:59,597",0,8,8,0,0,1573152885738,"07/11/2019 18:54:57,738",1573152899584,"07/11/2019 18:54:59,584","5,62"
11,reflist_1,"07/11/2019 18:55:05,703",0,10,10,0,0,1573152891946,"07/11/2019 18:55:03,946",1573152905694,"07/11/2019 18:55:05,694","6,21"
12,reflist_2,"07/11/2019 18:55:11,488",0,34,34,0,0,1573152897694,"07/11/2019 18:55:09,694",1573152911476,"07/11/2019 18:55:11,476","5,75"
13,reflist_3,"07/11/2019 18:55:17,284",0,10,10,0,0,1573152903429,"07/11/2019 18:55:15,429",1573152917273,"07/11/2019 18:55:17,273","5,74"
14,reflist_4,"07/11/2019 18:55:22,690",0,5,5,0,0,1573152908939,"07/11/2019 18:55:20,939",1573152922679,"07/11/2019 18:55:22,679","5,51"
15,reflist_5,"07/11/2019 18:55:28,934",201,40,39,1,0,1573152915046,"07/11/2019 18:55:27,046",1573152928923,"07/11/2019 18:55:28,923","6,11"
16,reflist_6,"07/11/2019 18:55:34,519",0,12,12,0,0,1573152920647,"07/11/2019 18:55:32,647",1573152934501,"07/11/2019 18:55:34,501","5,60"
17,reflist_7,"07/11/2019 18:55:40,367",0,10,10,0,0,1573152926514,"07/11/2019 18:55:38,514",1573152940360,"07/11/2019 18:55:40,360","5,87"
18,reflist_8,"07/11/2019 18:55:45,951",0,40,40,0,0,1573152932092,"07/11/2019 18:55:44,092",1573152945939,"07/11/2019 18:55:45,939","5,58"
19,reflist_9,"07/11/2019 18:55:51,436",0,8,8,0,0,1573152937632,"07/11/2019 18:55:49,632",1573152951424,"07/11/2019 18:55:51,424","5,54"
20,reflist_0,"07/11/2019 18:55:57,386",0,8,8,0,0,1573152943497,"07/11/2019 18:55:55,497",1573152957377,"07/11/2019 18:55:57,377","5,87"
21,reflist_1,"07/11/2019 18:56:03,590",0,10,10,0,0,1573152949758,"07/11/2019 18:56:01,758",1573152963581,"07/11/2019 18:56:03,581","6,26"
22,reflist_2,"07/11/2019 18:56:09,460",0,34,34,0,0,1573152955613,"07/11/2019 18:56:07,613",1573152969440,"07/11/2019 18:56:09,440","5,86"
23,reflist_3,"07/11/2019 18:56:15,077",0,10,10,0,0,1573152961043,"07/11/2019 18:56:13,043",1573152975066,"07/11/2019 18:56:15,066","5,43"
24,reflist_4,"07/11/2019 18:56:20,591",0,5,5,0,0,1573152966774,"07/11/2019 18:56:18,774",1573152980583,"07/11/2019 18:56:20,583","5,73"
25,reflist_5,"07/11/2019 18:56:26,459",201,40,39,1,0,1573152972592,"07/11/2019 18:56:24,592",1573152986445,"07/11/2019 18:56:26,445","5,82"
26,reflist_6,"07/11/2019 18:56:32,015",0,12,12,0,0,1573152978087,"07/11/2019 18:56:30,087",1573152992007,"07/11/2019 18:56:32,007","5,50"
27,reflist_7,"07/11/2019 18:56:37,940",0,10,10,0,0,1573152984032,"07/11/2019 18:56:36,032",1573152997930,"07/11/2019 18:56:37,930","5,95"
28,reflist_8,"07/11/2019 18:56:43,435",0,40,40,0,0,1573152989581,"07/11/2019 18:56:41,581",1573153003429,"07/11/2019 18:56:43,429","5,55"
29,reflist_9,"07/11/2019 18:56:49,298",0,8,8,0,0,1573152995424,"07/11/2019 18:56:47,424",1573153009290,"07/11/2019 18:56:49,290","5,84"
30,reflist_0,"07/11/2019 18:56:55,227",0,8,8,0,0,1573153001344,"07/11/2019 18:56:53,344",1573153015215,"07/11/2019 18:56:55,215","5,92"
31,reflist_1,"07/11/2019 18:57:01,143",0,10,10,0,0,1573153007268,"07/11/2019 18:56:59,268",1573153021137,"07/11/2019 18:57:01,137","5,92"
32,reflist_2,"07/11/2019 18:57:20,339",201,34,33,1,0,1573153026657,"07/11/2019 18:57:18,657",1573153040310,"07/11/2019 18:57:20,310","19,39"
33,reflist_3,"07/11/2019 18:57:26,604",0,10,10,0,0,1573153032778,"07/11/2019 18:57:24,778",1573153046595,"07/11/2019 18:57:26,595","6,12"
34,reflist_4,"07/11/2019 18:57:32,093",0,5,5,0,0,1573153038204,"07/11/2019 18:57:30,204",1573153052080,"07/11/2019 18:57:32,080","5,43"
35,reflist_5,"07/11/2019 18:57:38,030",0,40,40,0,0,1573153044122,"07/11/2019 18:57:36,122",1573153058019,"07/11/2019 18:57:38,019","5,92"
36,reflist_7,"07/11/2019 18:57:43,511",0,10,10,0,0,1573153049625,"07/11/2019 18:57:41,625",1573153063503,"07/11/2019 18:57:43,503","5,50"
37,reflist_6,"07/11/2019 18:57:49,128",0,12,12,0,0,1573153055222,"07/11/2019 18:57:47,222",1573153069117,"07/11/2019 18:57:49,117","5,60"
38,reflist_8,"07/11/2019 18:57:54,953",0,40,40,0,0,1573153061059,"07/11/2019 18:57:53,059",1573153074945,"07/11/2019 18:57:54,945","5,84"
39,reflist_9,"07/11/2019 18:58:00,440",0,8,8,0,0,1573153066672,"07/11/2019 18:57:58,672",1573153080430,"07/11/2019 18:58:00,430","5,61"
40,reflist_0,"07/11/2019 18:58:06,222",0,8,8,0,0,1573153072351,"07/11/2019 18:58:04,351",1573153086212,"07/11/2019 18:58:06,212","5,68"
41,reflist_1,"07/11/2019 18:58:18,440",0,10,10,0,0,1573153084644,"07/11/2019 18:58:16,644",1573153098431,"07/11/2019 18:58:18,431","12,29"
42,reflist_2,"07/11/2019 18:58:27,533",0,34,34,0,0,1573153093645,"07/11/2019 18:58:25,645",1573153107510,"07/11/2019 18:58:27,510","9,00"
43,reflist_3,"07/11/2019 18:58:32,602",0,10,10,0,0,1573153098896,"07/11/2019 18:58:30,896",1573153112593,"07/11/2019 18:58:32,593","5,25"
44,reflist_4,"07/11/2019 18:58:38,417",0,5,5,0,0,1573153104588,"07/11/2019 18:58:36,588",1573153118408,"07/11/2019 18:58:38,408","5,69"
45,reflist_5,"07/11/2019 18:58:45,950",0,40,40,0,0,1573153112015,"07/11/2019 18:58:44,015",1573153125940,"07/11/2019 18:58:45,940","7,43"
46,reflist_6,"07/11/2019 18:58:53,399",0,12,12,0,0,1573153119572,"07/11/2019 18:58:51,572",1573153133393,"07/11/2019 18:58:53,393","7,56"
47,reflist_7,"07/11/2019 18:58:57,919",0,10,10,0,0,1573153124193,"07/11/2019 18:58:56,193",1573153137909,"07/11/2019 18:58:57,909","4,62"
48,reflist_8,"07/11/2019 18:59:03,703",0,40,40,0,0,1573153129979,"07/11/2019 18:59:01,979",1573153143691,"07/11/2019 18:59:03,691","5,79"
49,reflist_9,"07/11/2019 18:59:09,729",0,8,8,0,0,1573153135991,"07/11/2019 18:59:07,991",1573153149722,"07/11/2019 18:59:09,722","6,01"
50,reflist_0,"07/11/2019 18:59:17,310",0,8,8,0,0,1573153143434,"07/11/2019 18:59:15,434",1573153157301,"07/11/2019 18:59:17,301","7,44"
51,reflist_1,"07/11/2019 18:59:23,201",0,10,10,0,0,1573153149421,"07/11/2019 18:59:21,421",1573153163191,"07/11/2019 18:59:23,191","5,99"
52,reflist_2,"07/11/2019 18:59:29,503",0,34,34,0,0,1573153155623,"07/11/2019 18:59:27,623",1573153169489,"07/11/2019 18:59:29,489","6,20"
53,reflist_3,"07/11/2019 18:59:35,047",0,10,10,0,0,1573153161146,"07/11/2019 18:59:33,146",1573153175037,"07/11/2019 18:59:35,037","5,52"
54,reflist_4,"07/11/2019 18:59:40,461",0,5,5,0,0,1573153166675,"07/11/2019 18:59:38,675",1573153180448,"07/11/2019 18:59:40,448","5,53"
55,reflist_5,"07/11/2019 18:59:46,443",0,40,40,0,0,1573153172576,"07/11/2019 18:59:44,576",1573153186433,"07/11/2019 18:59:46,433","5,90"
56,reflist_6,"07/11/2019 18:59:51,871",0,12,12,0,0,1573153178035,"07/11/2019 18:59:50,035",1573153191855,"07/11/2019 18:59:51,855","5,46"
57,reflist_7,"07/11/2019 18:59:57,648",0,10,10,0,0,1573153183874,"07/11/2019 18:59:55,874",1573153197637,"07/11/2019 18:59:57,637","5,84"
58,reflist_8,"07/11/2019 19:00:03,402",0,40,40,0,0,1573153189634,"07/11/2019 19:00:01,634",1573153203386,"07/11/2019 19:00:03,386","5,76"
59,reflist_9,"07/11/2019 19:00:09,532",0,8,8,0,0,1573153195406,"07/11/2019 19:00:07,406",1573153209497,"07/11/2019 19:00:09,497","5,77"
60,reflist_0,"07/11/2019 19:00:15,121",0,8,8,0,0,1573153201213,"07/11/2019 19:00:13,213",1573153215107,"07/11/2019 19:00:15,107","5,81"
61,reflist_1,"07/11/2019 19:00:21,195",0,10,10,0,0,1573153207240,"07/11/2019 19:00:19,240",1573153221185,"07/11/2019 19:00:21,185","6,03"
62,reflist_2,"07/11/2019 19:00:26,612",0,34,34,0,0,1573153212786,"07/11/2019 19:00:24,786",1573153226606,"07/11/2019 19:00:26,606","5,55"
63,reflist_3,"07/11/2019 19:00:33,368",0,10,10,0,0,1573153219572,"07/11/2019 19:00:31,572",1573153233357,"07/11/2019 19:00:33,357","6,79"
64,reflist_4,"07/11/2019 19:00:37,879",0,5,5,0,0,1573153224156,"07/11/2019 19:00:36,156",1573153237857,"07/11/2019 19:00:37,857","4,58"
65,reflist_5,"07/11/2019 19:00:43,713",0,40,40,0,0,1573153230013,"07/11/2019 19:00:42,013",1573153243706,"07/11/2019 19:00:43,706","5,86"
66,reflist_6,"07/11/2019 19:00:49,557",0,12,12,0,0,1573153235679,"07/11/2019 19:00:47,679",1573153249543,"07/11/2019 19:00:49,543","5,67"
67,reflist_7,"07/11/2019 19:00:55,439",0,10,10,0,0,1573153241579,"07/11/2019 19:00:53,579",1573153255430,"07/11/2019 19:00:55,430","5,90"
68,reflist_8,"07/11/2019 19:01:00,881",0,40,40,0,0,1573153247053,"07/11/2019 19:00:59,053",1573153260873,"07/11/2019 19:01:00,873","5,47"
69,reflist_9,"07/11/2019 19:01:06,478",0,8,8,0,0,1573153252604,"07/11/2019 19:01:04,604",1573153266467,"07/11/2019 19:01:06,467","5,55"
70,reflist_0,"07/11/2019 19:01:12,319",0,8,8,0,0,1573153258422,"07/11/2019 19:01:10,422",1573153272311,"07/11/2019 19:01:12,311","5,82"
71,reflist_1,"07/11/2019 19:01:18,165",0,10,10,0,0,1573153264378,"07/11/2019 19:01:16,378",1573153278159,"07/11/2019 19:01:18,159","5,96"
72,reflist_2,"07/11/2019 19:01:24,939",0,34,34,0,0,1573153271042,"07/11/2019 19:01:23,042",1573153284925,"07/11/2019 19:01:24,925","6,66"
73,reflist_3,"07/11/2019 19:01:29,873",0,10,10,0,0,1573153276137,"07/11/2019 19:01:28,137",1573153289849,"07/11/2019 19:01:29,849","5,10"
74,reflist_4,"07/11/2019 19:01:35,420",0,5,5,0,0,1573153281529,"07/11/2019 19:01:33,529",1573153295396,"07/11/2019 19:01:35,396","5,39"
75,reflist_5,"07/11/2019 19:01:41,338",0,40,40,0,0,1573153287403,"07/11/2019 19:01:39,403",1573153301318,"07/11/2019 19:01:41,318","5,87"
76,reflist_6,"07/11/2019 19:01:46,920",0,12,12,0,0,1573153293059,"07/11/2019 19:01:45,059",1573153306912,"07/11/2019 19:01:46,912","5,66"
77,reflist_7,"07/11/2019 19:01:52,645",0,10,10,0,0,1573153298894,"07/11/2019 19:01:50,894",1573153312631,"07/11/2019 19:01:52,631","5,84"
78,reflist_8,"07/11/2019 19:01:58,720",0,40,40,0,0,1573153304978,"07/11/2019 19:01:56,978",1573153318709,"07/11/2019 19:01:58,709","6,08"
79,reflist_9,"07/11/2019 19:02:04,100",0,8,8,0,0,1573153310353,"07/11/2019 19:02:02,353",1573153324087,"07/11/2019 19:02:04,087","5,38"
80,reflist_0,"07/11/2019 19:02:10,102",0,8,8,0,0,1573153316207,"07/11/2019 19:02:08,207",1573153330091,"07/11/2019 19:02:10,091","5,85"
81,reflist_1,"07/11/2019 19:02:16,029",0,10,10,0,0,1573153322094,"07/11/2019 19:02:14,094",1573153336016,"07/11/2019 19:02:16,016","5,89"
82,reflist_2,"07/11/2019 19:02:38,632",0,34,34,0,0,1573153344773,"07/11/2019 19:02:36,773",1573153358599,"07/11/2019 19:02:38,599","22,68"
83,reflist_3,"07/11/2019 19:02:43,241",0,10,10,0,0,1573153349420,"07/11/2019 19:02:41,420",1573153363231,"07/11/2019 19:02:43,231","4,65"
84,reflist_4,"07/11/2019 19:02:48,310",0,5,5,0,0,1573153354539,"07/11/2019 19:02:46,539",1573153368297,"07/11/2019 19:02:48,297","5,12"
85,reflist_5,"07/11/2019 19:02:54,126",0,40,40,0,0,1573153360401,"07/11/2019 19:02:52,401",1573153374114,"07/11/2019 19:02:54,114","5,86"
86,reflist_6,"07/11/2019 19:03:05,224",0,12,12,0,0,1573153371388,"07/11/2019 19:03:03,388",1573153385216,"07/11/2019 19:03:05,216","10,99"
87,reflist_7,"07/11/2019 19:03:11,271",0,10,10,0,0,1573153377381,"07/11/2019 19:03:09,381",1573153391253,"07/11/2019 19:03:11,253","5,99"
88,reflist_8,"07/11/2019 19:03:17,273",0,40,40,0,0,1573153383279,"07/11/2019 19:03:15,279",1573153397239,"07/11/2019 19:03:17,239","5,90"
89,reflist_9,"07/11/2019 19:03:22,487",0,8,8,0,0,1573153388610,"07/11/2019 19:03:20,610",1573153402477,"07/11/2019 19:03:22,477","5,33"
90,reflist_0,"07/11/2019 19:03:39,598",0,8,8,0,0,1573153405718,"07/11/2019 19:03:37,718",1573153419566,"07/11/2019 19:03:39,566","17,11"
91,reflist_1,"07/11/2019 19:03:45,408",0,10,10,0,0,1573153411554,"07/11/2019 19:03:43,554",1573153425396,"07/11/2019 19:03:45,396","5,84"
92,reflist_2,"07/11/2019 19:03:51,543",201,34,33,1,0,1573153417730,"07/11/2019 19:03:49,730",1573153431528,"07/11/2019 19:03:51,528","6,18"
93,reflist_3,"07/11/2019 19:03:56,939",0,10,10,0,0,1573153423149,"07/11/2019 19:03:55,149",1573153436928,"07/11/2019 19:03:56,928","5,42"
94,reflist_4,"07/11/2019 19:04:03,235",0,5,5,0,0,1573153429353,"07/11/2019 19:04:01,353",1573153443226,"07/11/2019 19:04:03,226","6,20"
95,reflist_5,"07/11/2019 19:04:08,221",0,40,40,0,0,1573153434493,"07/11/2019 19:04:06,493",1573153448213,"07/11/2019 19:04:08,213","5,14"
96,reflist_6,"07/11/2019 19:04:14,144",0,12,12,0,0,1573153440232,"07/11/2019 19:04:12,232",1573153454128,"07/11/2019 19:04:14,128","5,74"
97,reflist_7,"07/11/2019 19:04:20,037",0,10,10,0,0,1573153446174,"07/11/2019 19:04:18,174",1573153460025,"07/11/2019 19:04:20,025","5,94"
98,reflist_8,"07/11/2019 19:04:25,455",0,40,40,0,0,1573153451640,"07/11/2019 19:04:23,640",1573153465440,"07/11/2019 19:04:25,440","5,47"
99,reflist_9,"07/11/2019 19:04:31,536",0,8,8,0,0,1573153457649,"07/11/2019 19:04:29,649",1573153471525,"07/11/2019 19:04:31,525","6,01"
100,reflist_0,"07/11/2019 19:04:36,983",0,8,8,0,0,1573153463158,"07/11/2019 19:04:35,158",1573153476968,"07/11/2019 19:04:36,968","5,51"
101,reflist_1,"07/11/2019 19:04:42,727",0,10,10,0,0,1573153468985,"07/11/2019 19:04:40,985",1573153482717,"07/11/2019 19:04:42,717","5,83"
102,reflist_2,"07/11/2019 19:04:51,363",0,34,34,0,0,1573153477523,"07/11/2019 19:04:49,523",1573153491355,"07/11/2019 19:04:51,355","8,54"
103,reflist_3,"07/11/2019 19:04:55,633",0,10,10,0,0,1573153481849,"07/11/2019 19:04:53,849",1573153495607,"07/11/2019 19:04:55,607","4,33"
104,reflist_4,"07/11/2019 19:05:01,159",0,5,5,0,0,1573153487278,"07/11/2019 19:04:59,278",1573153501153,"07/11/2019 19:05:01,153","5,43"
105,reflist_5,"07/11/2019 19:05:07,029",201,40,39,1,0,1573153493121,"07/11/2019 19:05:05,121",1573153507013,"07/11/2019 19:05:07,013","5,84"
106,reflist_6,"07/11/2019 19:05:12,546",0,12,12,0,0,1573153498677,"07/11/2019 19:05:10,677",1573153512534,"07/11/2019 19:05:12,534","5,56"
107,reflist_7,"07/11/2019 19:05:48,300",0,10,10,0,0,1573153534395,"07/11/2019 19:05:46,395",1573153548277,"07/11/2019 19:05:48,277","35,72"
108,reflist_8,"07/11/2019 19:05:53,872",0,40,40,0,0,1573153540041,"07/11/2019 19:05:52,041",1573153553860,"07/11/2019 19:05:53,860","5,65"
109,reflist_9,"07/11/2019 19:06:00,527",0,8,8,0,0,1573153546779,"07/11/2019 19:05:58,779",1573153560517,"07/11/2019 19:06:00,517","6,74"
110,reflist_0,"07/11/2019 19:06:07,223",0,8,8,0,0,1573153553293,"07/11/2019 19:06:05,293",1573153567209,"07/11/2019 19:06:07,209","6,51"
111,reflist_1,"07/11/2019 19:06:12,625",0,10,10,0,0,1573153558880,"07/11/2019 19:06:10,880",1573153572615,"07/11/2019 19:06:12,615","5,59"
112,reflist_2,"07/11/2019 19:06:18,745",0,34,34,0,0,1573153564965,"07/11/2019 19:06:16,965",1573153578734,"07/11/2019 19:06:18,734","6,09"
113,reflist_3,"07/11/2019 19:06:24,634",0,10,10,0,0,1573153570804,"07/11/2019 19:06:22,804",1573153584624,"07/11/2019 19:06:24,624","5,84"
114,reflist_4,"07/11/2019 19:06:29,966",0,5,5,0,0,1573153576189,"07/11/2019 19:06:28,189",1573153589952,"07/11/2019 19:06:29,952","5,39"
115,reflist_5,"07/11/2019 19:06:35,210",0,40,40,0,0,1573153581281,"07/11/2019 19:06:33,281",1573153594952,"07/11/2019 19:06:34,952","5,09"
116,reflist_6,"07/11/2019 19:06:40,660",0,12,12,0,0,1573153586842,"07/11/2019 19:06:38,842",1573153600646,"07/11/2019 19:06:40,646","5,56"
117,reflist_7,"07/11/2019 19:06:46,532",0,10,10,0,0,1573153592671,"07/11/2019 19:06:44,671",1573153606522,"07/11/2019 19:06:46,522","5,83"
118,reflist_8,"07/11/2019 19:06:53,983",0,40,40,0,0,1573153600172,"07/11/2019 19:06:52,172",1573153613976,"07/11/2019 19:06:53,976","7,50"
119,reflist_9,"07/11/2019 19:06:59,338",0,8,8,0,0,1573153605535,"07/11/2019 19:06:57,535",1573153619327,"07/11/2019 19:06:59,327","5,36"
120,reflist_0,"07/11/2019 19:07:05,257",0,8,8,0,0,1573153611433,"07/11/2019 19:07:03,433",1573153625249,"07/11/2019 19:07:05,249","5,90"
121,reflist_1,"07/11/2019 19:07:11,177",0,10,10,0,0,1573153617230,"07/11/2019 19:07:09,230",1573153631161,"07/11/2019 19:07:11,161","5,80"
122,reflist_2,"07/11/2019 19:07:17,131",0,34,34,0,0,1573153623241,"07/11/2019 19:07:15,241",1573153637120,"07/11/2019 19:07:17,120","6,01"
123,reflist_3,"07/11/2019 19:07:23,062",0,10,10,0,0,1573153629135,"07/11/2019 19:07:21,135",1573153643030,"07/11/2019 19:07:23,030","5,89"
124,reflist_4,"07/11/2019 19:07:28,484",0,5,5,0,0,1573153634607,"07/11/2019 19:07:26,607",1573153648473,"07/11/2019 19:07:28,473","5,47"
125,reflist_5,"07/11/2019 19:07:34,426",0,40,40,0,0,1573153640528,"07/11/2019 19:07:32,528",1573153654410,"07/11/2019 19:07:34,410","5,92"
126,reflist_6,"07/11/2019 19:07:39,983",0,12,12,0,0,1573153646028,"07/11/2019 19:07:38,028",1573153659975,"07/11/2019 19:07:39,975","5,50"
127,reflist_7,"07/11/2019 19:07:45,599",0,10,10,0,0,1573153651689,"07/11/2019 19:07:43,689",1573153665591,"07/11/2019 19:07:45,591","5,66"
128,reflist_8,"07/11/2019 19:07:50,989",201,40,39,1,0,1573153657220,"07/11/2019 19:07:49,220",1573153670976,"07/11/2019 19:07:50,976","5,53"
129,reflist_9,"07/11/2019 19:07:56,740",0,8,8,0,0,1573153662988,"07/11/2019 19:07:54,988",1573153676730,"07/11/2019 19:07:56,730","5,77"
130,reflist_0,"07/11/2019 19:08:02,544",0,8,8,0,0,1573153668790,"07/11/2019 19:08:00,790",1573153682536,"07/11/2019 19:08:02,536","5,80"
131,reflist_1,"07/11/2019 19:08:08,987",0,10,10,0,0,1573153675010,"07/11/2019 19:08:07,010",1573153688972,"07/11/2019 19:08:08,972","6,22"
132,reflist_2,"07/11/2019 19:08:14,530",0,34,34,0,0,1573153680743,"07/11/2019 19:08:12,743",1573153694519,"07/11/2019 19:08:14,519","5,73"
133,reflist_3,"07/11/2019 19:08:20,331",0,10,10,0,0,1573153686589,"07/11/2019 19:08:18,589",1573153700316,"07/11/2019 19:08:20,316","5,85"
134,reflist_4,"07/11/2019 19:08:25,924",0,5,5,0,0,1573153692059,"07/11/2019 19:08:24,059",1573153705912,"07/11/2019 19:08:25,912","5,47"
135,reflist_5,"07/11/2019 19:08:31,644",0,40,40,0,0,1573153697869,"07/11/2019 19:08:29,869",1573153711633,"07/11/2019 19:08:31,633","5,81"
136,reflist_6,"07/11/2019 19:08:37,225",0,12,12,0,0,1573153703345,"07/11/2019 19:08:35,345",1573153717212,"07/11/2019 19:08:37,212","5,48"
137,reflist_7,"07/11/2019 19:08:43,090",0,10,10,0,0,1573153709246,"07/11/2019 19:08:41,246",1573153723074,"07/11/2019 19:08:43,074","5,90"
138,reflist_8,"07/11/2019 19:08:48,992",0,40,40,0,0,1573153715116,"07/11/2019 19:08:47,116",1573153728980,"07/11/2019 19:08:48,980","5,87"
139,reflist_9,"07/11/2019 19:08:54,481",0,8,8,0,0,1573153720584,"07/11/2019 19:08:52,584",1573153734464,"07/11/2019 19:08:54,464","5,47"
140,reflist_0,"07/11/2019 19:09:00,384",0,8,8,0,0,1573153726553,"07/11/2019 19:08:58,553",1573153740371,"07/11/2019 19:09:00,371","5,97"
141,reflist_1,"07/11/2019 19:09:06,247",0,10,10,0,0,1573153732331,"07/11/2019 19:09:04,331",1573153746231,"07/11/2019 19:09:06,231","5,78"
142,reflist_2,"07/11/2019 19:09:12,149",0,34,34,0,0,1573153738268,"07/11/2019 19:09:10,268",1573153752137,"07/11/2019 19:09:12,137","5,94"
143,reflist_3,"07/11/2019 19:09:18,102",0,10,10,0,0,1573153744217,"07/11/2019 19:09:16,217",1573153758090,"07/11/2019 19:09:18,090","5,95"
144,reflist_4,"07/11/2019 19:09:23,618",0,5,5,0,0,1573153749729,"07/11/2019 19:09:21,729",1573153763606,"07/11/2019 19:09:23,606","5,51"
145,reflist_5,"07/11/2019 19:09:29,187",0,40,40,0,0,1573153755282,"07/11/2019 19:09:27,282",1573153769170,"07/11/2019 19:09:29,170","5,55"
146,reflist_6,"07/11/2019 19:09:35,182",0,12,12,0,0,1573153761306,"07/11/2019 19:09:33,306",1573153775170,"07/11/2019 19:09:35,170","6,02"
147,reflist_7,"07/11/2019 19:09:40,627",0,10,10,0,0,1573153766791,"07/11/2019 19:09:38,791",1573153780610,"07/11/2019 19:09:40,610","5,49"
148,reflist_8,"07/11/2019 19:09:55,650",0,40,40,0,0,1573153781935,"07/11/2019 19:09:53,935",1573153795643,"07/11/2019 19:09:55,643","15,14"
149,reflist_9,"07/11/2019 19:10:01,149",0,8,8,0,0,1573153787261,"07/11/2019 19:09:59,261",1573153801142,"07/11/2019 19:10:01,142","5,33"
150,reflist_0,"07/11/2019 19:10:07,124",0,8,8,0,0,1573153793189,"07/11/2019 19:10:05,189",1573153807112,"07/11/2019 19:10:07,112","5,93"
151,reflist_2,"07/11/2019 19:10:23,645",0,34,34,0,0,1573153809854,"07/11/2019 19:10:21,854",1573153823631,"07/11/2019 19:10:23,631","16,67"
152,reflist_3,"07/11/2019 19:10:27,727",0,10,10,0,0,1573153814014,"07/11/2019 19:10:26,014",1573153827710,"07/11/2019 19:10:27,710","4,16"
153,reflist_4,"07/11/2019 19:10:33,547",0,5,5,0,0,1573153819693,"07/11/2019 19:10:31,693",1573153833538,"07/11/2019 19:10:33,538","5,68"
154,reflist_5,"07/11/2019 19:10:39,535",201,40,39,1,0,1573153825594,"07/11/2019 19:10:37,594",1573153839523,"07/11/2019 19:10:39,523","5,90"
155,reflist_6,"07/11/2019 19:10:45,119",0,12,12,0,0,1573153831140,"07/11/2019 19:10:43,140",1573153845101,"07/11/2019 19:10:45,101","5,55"
156,reflist_7,"07/11/2019 19:10:51,066",0,10,10,0,0,1573153837098,"07/11/2019 19:10:49,098",1573153851054,"07/11/2019 19:10:51,055","5,96"
157,reflist_8,"07/11/2019 19:10:56,433",0,40,40,0,0,1573153842583,"07/11/2019 19:10:54,583",1573153856414,"07/11/2019 19:10:56,414","5,49"
158,reflist_9,"07/11/2019 19:11:02,078",0,8,8,0,0,1573153848141,"07/11/2019 19:11:00,141",1573153862070,"07/11/2019 19:11:02,070","5,56"
159,reflist_0,"07/11/2019 19:11:08,051",0,8,8,0,0,1573153854141,"07/11/2019 19:11:06,141",1573153868039,"07/11/2019 19:11:08,039","6,00"
160,reflist_1,"07/11/2019 19:11:13,896",0,10,10,0,0,1573153860036,"07/11/2019 19:11:12,036",1573153873884,"07/11/2019 19:11:13,884","5,90"
161,reflist_2,"07/11/2019 19:11:19,746",201,34,33,1,0,1573153865940,"07/11/2019 19:11:17,940",1573153879728,"07/11/2019 19:11:19,728","5,90"
162,reflist_3,"07/11/2019 19:11:25,693",0,10,10,0,0,1573153871850,"07/11/2019 19:11:23,850",1573153885681,"07/11/2019 19:11:25,681","5,91"
163,reflist_4,"07/11/2019 19:11:31,236",0,5,5,0,0,1573153877318,"07/11/2019 19:11:29,318",1573153891227,"07/11/2019 19:11:31,227","5,47"
164,reflist_5,"07/11/2019 19:11:37,038",0,40,40,0,0,1573153883283,"07/11/2019 19:11:35,283",1573153897025,"07/11/2019 19:11:37,025","5,97"
165,reflist_6,"07/11/2019 19:11:42,638",0,12,12,0,0,1573153888689,"07/11/2019 19:11:40,689",1573153902619,"07/11/2019 19:11:42,619","5,41"
166,reflist_7,"07/11/2019 19:11:48,432",0,10,10,0,0,1573153894644,"07/11/2019 19:11:46,644",1573153908421,"07/11/2019 19:11:48,421","5,96"
167,reflist_8,"07/11/2019 19:11:53,885",0,40,40,0,0,1573153900044,"07/11/2019 19:11:52,044",1573153913876,"07/11/2019 19:11:53,876","5,40"
168,reflist_9,"07/11/2019 19:11:59,713",0,8,8,0,0,1573153905936,"07/11/2019 19:11:57,936",1573153919703,"07/11/2019 19:11:59,703","5,89"
169,reflist_0,"07/11/2019 19:12:05,608",0,8,8,0,0,1573153911793,"07/11/2019 19:12:03,793",1573153925596,"07/11/2019 19:12:05,596","5,86"
170,reflist_1,"07/11/2019 19:12:11,640",0,10,10,0,0,1573153917732,"07/11/2019 19:12:09,732",1573153931628,"07/11/2019 19:12:11,628","5,94"
171,reflist_2,"07/11/2019 19:12:17,468",0,34,34,0,0,1573153923606,"07/11/2019 19:12:15,606",1573153937456,"07/11/2019 19:12:17,456","5,87"
172,reflist_3,"07/11/2019 19:12:23,468",0,10,10,0,0,1573153929573,"07/11/2019 19:12:21,573",1573153943456,"07/11/2019 19:12:23,456","5,97"
173,reflist_4,"07/11/2019 19:12:28,970",0,5,5,0,0,1573153935081,"07/11/2019 19:12:27,081",1573153948956,"07/11/2019 19:12:28,956","5,51"
174,reflist_5,"07/11/2019 19:12:34,517",0,40,40,0,0,1573153940607,"07/11/2019 19:12:32,607",1573153954503,"07/11/2019 19:12:34,503","5,53"
175,reflist_6,"07/11/2019 19:12:40,179",0,12,12,0,0,1573153946262,"07/11/2019 19:12:38,262",1573153960160,"07/11/2019 19:12:40,160","5,66"
176,reflist_7,"07/11/2019 19:12:46,154",0,10,10,0,0,1573153952245,"07/11/2019 19:12:44,245",1573153966145,"07/11/2019 19:12:46,145","5,98"
177,reflist_8,"07/11/2019 19:12:51,567",0,40,40,0,0,1573153957740,"07/11/2019 19:12:49,740",1573153971556,"07/11/2019 19:12:51,556","5,50"
178,reflist_9,"07/11/2019 19:12:57,098",0,8,8,0,0,1573153963221,"07/11/2019 19:12:55,221",1573153977089,"07/11/2019 19:12:57,089","5,48"
179,reflist_0,"07/11/2019 19:13:22,507",0,8,8,0,0,1573153988553,"07/11/2019 19:13:20,553",1573154002488,"07/11/2019 19:13:22,488","25,33"
180,reflist_1,"07/11/2019 19:13:28,438",0,10,10,0,0,1573153994562,"07/11/2019 19:13:26,562",1573154008426,"07/11/2019 19:13:28,426","6,01"
181,reflist_2,"07/11/2019 19:13:34,180",0,34,34,0,0,1573154000406,"07/11/2019 19:13:32,406",1573154014161,"07/11/2019 19:13:34,161","5,84"
182,reflist_3,"07/11/2019 19:13:40,107",0,10,10,0,0,1573154006180,"07/11/2019 19:13:38,180",1573154020098,"07/11/2019 19:13:40,098","5,77"
183,reflist_4,"07/11/2019 19:13:45,628",0,5,5,0,0,1573154011738,"07/11/2019 19:13:43,738",1573154025616,"07/11/2019 19:13:45,616","5,56"
184,reflist_5,"07/11/2019 19:13:51,629",0,40,40,0,0,1573154017740,"07/11/2019 19:13:49,740",1573154031619,"07/11/2019 19:13:51,619","6,00"
185,reflist_6,"07/11/2019 19:13:57,195",0,12,12,0,0,1573154023271,"07/11/2019 19:13:55,271",1573154037182,"07/11/2019 19:13:57,182","5,53"
186,reflist_7,"07/11/2019 19:14:03,162",0,10,10,0,0,1573154029277,"07/11/2019 19:14:01,277",1573154043152,"07/11/2019 19:14:03,152","6,01"
187,reflist_8,"07/11/2019 19:14:08,646",0,40,40,0,0,1573154034768,"07/11/2019 19:14:06,768",1573154048606,"07/11/2019 19:14:08,606","5,49"
188,reflist_9,"07/11/2019 19:14:14,100",0,8,8,0,0,1573154040285,"07/11/2019 19:14:12,285",1573154054091,"07/11/2019 19:14:14,091","5,52"
189,reflist_0,"07/11/2019 19:14:20,051",0,8,8,0,0,1573154046061,"07/11/2019 19:14:18,061",1573154060031,"07/11/2019 19:14:20,031","5,78"
190,reflist_1,"07/11/2019 19:14:26,069",0,10,10,0,0,1573154052071,"07/11/2019 19:14:24,071",1573154066062,"07/11/2019 19:14:26,062","6,01"
191,reflist_2,"07/11/2019 19:14:31,783",0,34,34,0,0,1573154058035,"07/11/2019 19:14:30,035",1573154071771,"07/11/2019 19:14:31,771","5,96"
192,reflist_3,"07/11/2019 19:14:37,703",0,10,10,0,0,1573154063954,"07/11/2019 19:14:35,954",1573154077694,"07/11/2019 19:14:37,694","5,92"
193,reflist_4,"07/11/2019 19:14:43,200",0,5,5,0,0,1573154069297,"07/11/2019 19:14:41,297",1573154083180,"07/11/2019 19:14:43,180","5,34"
194,reflist_5,"07/11/2019 19:14:49,050",0,40,40,0,0,1573154075191,"07/11/2019 19:14:47,191",1573154089040,"07/11/2019 19:14:49,040","5,89"
195,reflist_6,"07/11/2019 19:14:54,639",0,12,12,0,0,1573154080674,"07/11/2019 19:14:52,674",1573154094619,"07/11/2019 19:14:54,619","5,48"
196,reflist_7,"07/11/2019 19:15:00,632",0,10,10,0,0,1573154086747,"07/11/2019 19:14:58,747",1573154100619,"07/11/2019 19:15:00,619","6,07"
197,reflist_8,"07/11/2019 19:15:12,648",0,40,40,0,0,1573154098880,"07/11/2019 19:15:10,880",1573154112635,"07/11/2019 19:15:12,635","12,13"
198,reflist_9,"07/11/2019 19:15:18,161",0,8,8,0,0,1573154104289,"07/11/2019 19:15:16,289",1573154118151,"07/11/2019 19:15:18,151","5,41"
199,reflist_0,"07/11/2019 19:15:24,056",0,8,8,0,0,1573154110137,"07/11/2019 19:15:22,137",1573154124043,"07/11/2019 19:15:24,043","5,85"
200,reflist_1,"07/11/2019 19:15:30,313",0,10,10,0,0,1573154116413,"07/11/2019 19:15:28,414",1573154130300,"07/11/2019 19:15:30,300","6,28"
201,reflist_2,"07/11/2019 19:15:36,252",201,34,33,1,0,1573154122357,"07/11/2019 19:15:34,357",1573154136239,"07/11/2019 19:15:36,239","5,94"
202,reflist_3,"07/11/2019 19:15:41,553",0,10,10,0,0,1573154127798,"07/11/2019 19:15:39,798",1573154141540,"07/11/2019 19:15:41,540","5,44"
203,reflist_4,"07/11/2019 19:15:47,547",0,5,5,0,0,1573154133552,"07/11/2019 19:15:45,552",1573154147525,"07/11/2019 19:15:47,525","5,75"
204,reflist_5,"07/11/2019 19:15:53,095",201,40,39,1,0,1573154139230,"07/11/2019 19:15:51,230",1573154153088,"07/11/2019 19:15:53,088","5,68"
205,reflist_6,"07/11/2019 19:15:59,039",0,12,12,0,0,1573154145082,"07/11/2019 19:15:57,082",1573154159026,"07/11/2019 19:15:59,026","5,85"
206,reflist_7,"07/11/2019 19:16:04,629",0,10,10,0,0,1573154150643,"07/11/2019 19:16:02,643",1573154164619,"07/11/2019 19:16:04,619","5,56"
207,reflist_8,"07/11/2019 19:16:10,484",0,40,40,0,0,1573154156613,"07/11/2019 19:16:08,613",1573154170463,"07/11/2019 19:16:10,463","5,97"
208,reflist_9,"07/11/2019 19:16:16,087",0,8,8,0,0,1573154162147,"07/11/2019 19:16:14,147",1573154176073,"07/11/2019 19:16:16,073","5,53"
209,reflist_0,"07/11/2019 19:16:21,789",0,8,8,0,0,1573154167674,"07/11/2019 19:16:19,674",1573154181745,"07/11/2019 19:16:21,745","5,53"
210,reflist_1,"07/11/2019 19:16:27,645",0,10,10,0,0,1573154173904,"07/11/2019 19:16:25,904",1573154187639,"07/11/2019 19:16:27,639","6,23"
211,reflist_2,"07/11/2019 19:16:56,457",0,34,34,0,0,1573154202590,"07/11/2019 19:16:54,590",1573154216442,"07/11/2019 19:16:56,442","28,69"
212,reflist_3,"07/11/2019 19:17:02,160",0,10,10,0,0,1573154208147,"07/11/2019 19:17:00,147",1573154222146,"07/11/2019 19:17:02,146","5,56"
213,reflist_4,"07/11/2019 19:17:07,645",0,5,5,0,0,1573154213800,"07/11/2019 19:17:05,800",1573154227630,"07/11/2019 19:17:07,630","5,65"
214,reflist_5,"07/11/2019 19:17:13,601",0,40,40,0,0,1573154219609,"07/11/2019 19:17:11,609",1573154233586,"07/11/2019 19:17:13,586","5,81"
215,reflist_6,"07/11/2019 19:17:18,628",0,12,12,0,0,1573154224908,"07/11/2019 19:17:16,908",1573154238618,"07/11/2019 19:17:18,618","5,30"
216,reflist_7,"07/11/2019 19:17:25,037",0,10,10,0,0,1573154231098,"07/11/2019 19:17:23,098",1573154245024,"07/11/2019 19:17:25,024","6,19"
217,reflist_8,"07/11/2019 19:17:30,460",0,40,40,0,0,1573154236633,"07/11/2019 19:17:28,633",1573154250447,"07/11/2019 19:17:30,447","5,54"
218,reflist_9,"07/11/2019 19:17:35,962",0,8,8,0,0,1573154241987,"07/11/2019 19:17:33,987",1573154255951,"07/11/2019 19:17:35,951","5,35"
219,reflist_0,"07/11/2019 19:17:41,982",0,8,8,0,0,1573154248086,"07/11/2019 19:17:40,086",1573154261968,"07/11/2019 19:17:41,968","6,10"
220,reflist_1,"07/11/2019 19:17:47,950",0,10,10,0,0,1573154254026,"07/11/2019 19:17:46,026",1573154267937,"07/11/2019 19:17:47,937","5,94"
221,reflist_2,"07/11/2019 19:17:53,994",0,34,34,0,0,1573154260031,"07/11/2019 19:17:52,031",1573154273984,"07/11/2019 19:17:53,984","6,01"
222,reflist_3,"07/11/2019 19:17:59,426",0,10,10,0,0,1573154265624,"07/11/2019 19:17:57,624",1573154279405,"07/11/2019 19:17:59,405","5,59"
223,reflist_4,"07/11/2019 19:18:04,950",0,5,5,0,0,1573154271048,"07/11/2019 19:18:03,048",1573154284937,"07/11/2019 19:18:04,937","5,42"
224,reflist_6,"07/11/2019 19:18:16,253",0,12,12,0,0,1573154282391,"07/11/2019 19:18:14,391",1573154296243,"07/11/2019 19:18:16,243","11,34"
225,reflist_7,"07/11/2019 19:18:28,086",0,10,10,0,0,1573154294206,"07/11/2019 19:18:26,206",1573154308076,"07/11/2019 19:18:28,076","11,82"
226,reflist_8,"07/11/2019 19:18:33,992",0,40,40,0,0,1573154300066,"07/11/2019 19:18:32,066",1573154313985,"07/11/2019 19:18:33,985","5,86"
227,reflist_9,"07/11/2019 19:18:39,485",0,8,8,0,0,1573154305592,"07/11/2019 19:18:37,592",1573154319456,"07/11/2019 19:18:39,456","5,53"
228,reflist_0,"07/11/2019 19:18:45,265",0,8,8,0,0,1573154311485,"07/11/2019 19:18:43,485",1573154325255,"07/11/2019 19:18:45,255","5,89"
229,reflist_1,"07/11/2019 19:18:51,220",0,10,10,0,0,1573154317291,"07/11/2019 19:18:49,291",1573154331210,"07/11/2019 19:18:51,210","5,81"
230,reflist_2,"07/11/2019 19:18:57,158",0,34,34,0,0,1573154323286,"07/11/2019 19:18:55,286",1573154337147,"07/11/2019 19:18:57,147","6,00"
231,reflist_3,"07/11/2019 19:19:03,095",0,10,10,0,0,1573154329188,"07/11/2019 19:19:01,188",1573154343085,"07/11/2019 19:19:03,085","5,90"
232,reflist_4,"07/11/2019 19:19:08,617",0,5,5,0,0,1573154334729,"07/11/2019 19:19:06,729",1573154348606,"07/11/2019 19:19:08,606","5,54"
233,reflist_5,"07/11/2019 19:19:14,479",201,40,39,1,0,1573154340644,"07/11/2019 19:19:12,644",1573154354465,"07/11/2019 19:19:14,465","5,92"
234,reflist_6,"07/11/2019 19:19:20,041",0,12,12,0,0,1573154346121,"07/11/2019 19:19:18,121",1573154360027,"07/11/2019 19:19:20,027","5,48"
235,reflist_7,"07/11/2019 19:19:26,073",0,10,10,0,0,1573154352084,"07/11/2019 19:19:24,084",1573154366059,"07/11/2019 19:19:26,059","5,96"
236,reflist_8,"07/11/2019 19:19:31,462",0,40,40,0,0,1573154357641,"07/11/2019 19:19:29,641",1573154371451,"07/11/2019 19:19:31,451","5,56"
237,reflist_9,"07/11/2019 19:19:37,056",0,8,8,0,0,1573154363086,"07/11/2019 19:19:35,086",1573154377045,"07/11/2019 19:19:37,045","5,45"
238,reflist_0,"07/11/2019 19:19:42,558",0,8,8,0,0,1573154368652,"07/11/2019 19:19:40,652",1573154382546,"07/11/2019 19:19:42,546","5,57"
239,reflist_1,"07/11/2019 19:19:49,057",0,10,10,0,0,1573154375055,"07/11/2019 19:19:47,055",1573154389047,"07/11/2019 19:19:49,047","6,40"
240,reflist_2,"07/11/2019 19:19:54,519",0,34,34,0,0,1573154380780,"07/11/2019 19:19:52,780",1573154394504,"07/11/2019 19:19:54,504","5,73"
241,reflist_3,"07/11/2019 19:20:00,611",0,10,10,0,0,1573154386651,"07/11/2019 19:19:58,651",1573154400601,"07/11/2019 19:20:00,601","5,87"
242,reflist_4,"07/11/2019 19:20:05,584",0,5,5,0,0,1573154391807,"07/11/2019 19:20:03,807",1573154405570,"07/11/2019 19:20:05,570","5,16"
243,reflist_5,"07/11/2019 19:20:11,785",0,40,40,0,0,1573154397960,"07/11/2019 19:20:09,960",1573154411773,"07/11/2019 19:20:11,773","6,15"
244,reflist_6,"07/11/2019 19:20:17,476",0,12,12,0,0,1573154403540,"07/11/2019 19:20:15,540",1573154417461,"07/11/2019 19:20:17,461","5,58"
245,reflist_7,"07/11/2019 19:20:23,445",0,10,10,0,0,1573154409510,"07/11/2019 19:20:21,510",1573154423430,"07/11/2019 19:20:23,430","5,97"
246,reflist_8,"07/11/2019 19:20:28,479",0,40,40,0,0,1573154414821,"07/11/2019 19:20:26,821",1573154428468,"07/11/2019 19:20:28,468","5,31"
247,reflist_9,"07/11/2019 19:20:34,300",0,8,8,0,0,1573154420421,"07/11/2019 19:20:32,421",1573154434281,"07/11/2019 19:20:34,281","5,60"
248,reflist_0,"07/11/2019 19:20:40,261",0,8,8,0,0,1573154426392,"07/11/2019 19:20:38,392",1573154440250,"07/11/2019 19:20:40,250","5,97"
249,reflist_1,"07/11/2019 19:20:46,125",0,10,10,0,0,1573154432184,"07/11/2019 19:20:44,184",1573154446111,"07/11/2019 19:20:46,111","5,79"
250,reflist_2,"07/11/2019 19:20:52,512",0,34,34,0,0,1573154438576,"07/11/2019 19:20:50,576",1573154452502,"07/11/2019 19:20:52,502","6,39"
251,reflist_3,"07/11/2019 19:20:57,964",0,10,10,0,0,1573154444130,"07/11/2019 19:20:56,130",1573154457929,"07/11/2019 19:20:57,929","5,55"
252,reflist_4,"07/11/2019 19:21:03,496",0,5,5,0,0,1573154449683,"07/11/2019 19:21:01,683",1573154463486,"07/11/2019 19:21:03,486","5,55"
253,reflist_5,"07/11/2019 19:21:09,496",0,40,40,0,0,1573154455531,"07/11/2019 19:21:07,531",1573154469486,"07/11/2019 19:21:09,486","5,85"
254,reflist_6,"07/11/2019 19:21:15,038",0,12,12,0,0,1573154461126,"07/11/2019 19:21:13,126",1573154475023,"07/11/2019 19:21:15,023","5,60"
255,reflist_7,"07/11/2019 19:21:20,778",0,10,10,0,0,1573154466977,"07/11/2019 19:21:18,977",1573154480763,"07/11/2019 19:21:20,763","5,85"
256,reflist_8,"07/11/2019 19:21:26,263",0,40,40,0,0,1573154472424,"07/11/2019 19:21:24,424",1573154486247,"07/11/2019 19:21:26,247","5,45"
257,reflist_9,"07/11/2019 19:21:32,199",0,8,8,0,0,1573154478243,"07/11/2019 19:21:30,243",1573154492185,"07/11/2019 19:21:32,185","5,82"
258,reflist_0,"07/11/2019 19:21:37,670",0,8,8,0,0,1573154483898,"07/11/2019 19:21:35,898",1573154497655,"07/11/2019 19:21:37,655","5,66"
259,reflist_1,"07/11/2019 19:21:44,087",0,10,10,0,0,1573154490071,"07/11/2019 19:21:42,071",1573154504077,"07/11/2019 19:21:44,077","6,17"
260,reflist_2,"07/11/2019 19:21:49,573",0,34,34,0,0,1573154495738,"07/11/2019 19:21:47,738",1573154509562,"07/11/2019 19:21:49,562","5,67"
261,reflist_3,"07/11/2019 19:21:55,545",0,10,10,0,0,1573154501585,"07/11/2019 19:21:53,585",1573154515531,"07/11/2019 19:21:55,531","5,85"
262,reflist_4,"07/11/2019 19:22:00,852",0,5,5,0,0,1573154507030,"07/11/2019 19:21:59,030",1573154520844,"07/11/2019 19:22:00,844","5,45"
263,reflist_5,"07/11/2019 19:22:06,686",0,40,40,0,0,1573154512842,"07/11/2019 19:22:04,842",1573154526672,"07/11/2019 19:22:06,672","5,81"
264,reflist_6,"07/11/2019 19:22:12,636",0,12,12,0,0,1573154518727,"07/11/2019 19:22:10,727",1573154532626,"07/11/2019 19:22:12,626","5,89"
265,reflist_7,"07/11/2019 19:22:18,638",0,10,10,0,0,1573154524666,"07/11/2019 19:22:16,666",1573154538626,"07/11/2019 19:22:18,626","5,94"
266,reflist_8,"07/11/2019 19:22:23,592",0,40,40,0,0,1573154529905,"07/11/2019 19:22:21,905",1573154543581,"07/11/2019 19:22:23,581","5,24"
267,reflist_9,"07/11/2019 19:22:29,364",0,8,8,0,0,1573154535569,"07/11/2019 19:22:27,569",1573154549349,"07/11/2019 19:22:29,349","5,66"
268,reflist_0,"07/11/2019 19:22:35,303",0,8,8,0,0,1573154541429,"07/11/2019 19:22:33,430",1573154555292,"07/11/2019 19:22:35,292","5,86"
269,reflist_1,"07/11/2019 19:22:41,581",0,10,10,0,0,1573154547630,"07/11/2019 19:22:39,630",1573154561558,"07/11/2019 19:22:41,558","6,20"
270,reflist_2,"07/11/2019 19:22:47,605",0,34,34,0,0,1573154553695,"07/11/2019 19:22:45,695",1573154567590,"07/11/2019 19:22:47,590","6,07"
271,reflist_3,"07/11/2019 19:22:53,120",0,10,10,0,0,1573154559195,"07/11/2019 19:22:51,195",1573154573106,"07/11/2019 19:22:53,106","5,50"
272,reflist_4,"07/11/2019 19:22:58,650",0,5,5,0,0,1573154564803,"07/11/2019 19:22:56,803",1573154578638,"07/11/2019 19:22:58,638","5,61"
273,reflist_5,"07/11/2019 19:23:04,607",0,40,40,0,0,1573154570648,"07/11/2019 19:23:02,648",1573154584592,"07/11/2019 19:23:04,592","5,85"
274,reflist_6,"07/11/2019 19:23:10,235",0,12,12,0,0,1573154576292,"07/11/2019 19:23:08,292",1573154590219,"07/11/2019 19:23:10,219","5,64"
275,reflist_7,"07/11/2019 19:23:16,394",0,10,10,0,0,1573154582230,"07/11/2019 19:23:14,230",1573154596348,"07/11/2019 19:23:16,348","5,94"
276,reflist_8,"07/11/2019 19:23:21,365",0,40,40,0,0,1573154587652,"07/11/2019 19:23:19,652",1573154601348,"07/11/2019 19:23:21,348","5,42"
277,reflist_9,"07/11/2019 19:23:27,328",0,8,8,0,0,1573154593286,"07/11/2019 19:23:25,286",1573154607317,"07/11/2019 19:23:27,317","5,63"
278,reflist_0,"07/11/2019 19:23:32,724",201,8,8,0,1,1573154598953,"07/11/2019 19:23:30,953",1573154612708,"07/11/2019 19:23:32,708","5,67"
279,reflist_1,"07/11/2019 19:23:39,063",0,10,10,0,0,1573154605093,"07/11/2019 19:23:37,093",1573154619052,"07/11/2019 19:23:39,052","6,14"
280,reflist_2,"07/11/2019 19:23:45,116",0,34,34,0,0,1573154611115,"07/11/2019 19:23:43,115",1573154625099,"07/11/2019 19:23:45,099","6,02"
281,reflist_3,"07/11/2019 19:23:50,736",0,10,10,0,0,1573154616742,"07/11/2019 19:23:48,742",1573154630615,"07/11/2019 19:23:50,615","5,63"
282,reflist_4,"07/11/2019 19:23:56,081",0,5,5,0,0,1573154622086,"07/11/2019 19:23:54,086",1573154636070,"07/11/2019 19:23:56,070","5,34"
283,reflist_5,"07/11/2019 19:24:02,092",201,40,39,1,0,1573154628093,"07/11/2019 19:24:00,093",1573154642071,"07/11/2019 19:24:02,071","6,01"
284,reflist_6,"07/11/2019 19:24:07,666",0,12,12,0,0,1573154633744,"07/11/2019 19:24:05,744",1573154647649,"07/11/2019 19:24:07,649","5,65"
285,reflist_7,"07/11/2019 19:24:13,675",0,10,10,0,0,1573154639789,"07/11/2019 19:24:11,789",1573154653665,"07/11/2019 19:24:13,665","6,05"
286,reflist_8,"07/11/2019 19:24:18,773",0,40,40,0,0,1573154644988,"07/11/2019 19:24:16,988",1573154658758,"07/11/2019 19:24:18,758","5,20"
287,reflist_9,"07/11/2019 19:24:24,605",0,8,8,0,0,1573154650647,"07/11/2019 19:24:22,647",1573154664590,"07/11/2019 19:24:24,590","5,66"
288,reflist_0,"07/11/2019 19:24:30,618",0,8,8,0,0,1573154656753,"07/11/2019 19:24:28,753",1573154670606,"07/11/2019 19:24:30,606","6,11"
289,reflist_1,"07/11/2019 19:24:36,586",0,10,10,0,0,1573154662627,"07/11/2019 19:24:34,627",1573154676575,"07/11/2019 19:24:36,575","5,87"
290,reflist_2,"07/11/2019 19:24:42,576",0,34,34,0,0,1573154668680,"07/11/2019 19:24:40,680",1573154682566,"07/11/2019 19:24:42,566","6,05"
291,reflist_3,"07/11/2019 19:24:48,098",0,10,10,0,0,1573154674169,"07/11/2019 19:24:46,169",1573154688082,"07/11/2019 19:24:48,082","5,49"
292,reflist_4,"07/11/2019 19:24:53,770",0,5,5,0,0,1573154679862,"07/11/2019 19:24:51,862",1573154693755,"07/11/2019 19:24:53,755","5,69"
293,reflist_5,"07/11/2019 19:24:59,311",201,40,39,1,0,1573154685371,"07/11/2019 19:24:57,371",1573154699286,"07/11/2019 19:24:59,286","5,51"
294,reflist_6,"07/11/2019 19:25:04,766",0,12,12,0,0,1573154690983,"07/11/2019 19:25:02,983",1573154704755,"07/11/2019 19:25:04,755","5,61"
295,reflist_7,"07/11/2019 19:25:11,238",0,10,10,0,0,1573154697210,"07/11/2019 19:25:09,210",1573154711224,"07/11/2019 19:25:11,224","6,23"
296,reflist_8,"07/11/2019 19:25:16,298",0,40,40,0,0,1573154702575,"07/11/2019 19:25:14,575",1573154716287,"07/11/2019 19:25:16,287","5,37"
297,reflist_9,"07/11/2019 19:25:22,303",0,8,8,0,0,1573154708348,"07/11/2019 19:25:20,348",1573154722287,"07/11/2019 19:25:22,287","5,77"
298,reflist_0,"07/11/2019 19:25:27,692",0,8,8,0,0,1573154713912,"07/11/2019 19:25:25,912",1573154727680,"07/11/2019 19:25:27,680","5,56"
299,reflist_1,"07/11/2019 19:25:34,191",0,10,10,0,0,1573154720129,"07/11/2019 19:25:32,129",1573154734165,"07/11/2019 19:25:34,165","6,22"
300,reflist_2,"07/11/2019 19:25:39,959",0,34,34,0,0,1573154726187,"07/11/2019 19:25:38,187",1573154739947,"07/11/2019 19:25:39,947","6,06"
301,reflist_3,"07/11/2019 19:25:45,788",0,10,10,0,0,1573154731956,"07/11/2019 19:25:43,956",1573154745759,"07/11/2019 19:25:45,759","5,77"
302,reflist_4,"07/11/2019 19:25:51,620",0,5,5,0,0,1573154737399,"07/11/2019 19:25:49,399",1573154751605,"07/11/2019 19:25:51,605","5,44"
303,reflist_5,"07/11/2019 19:25:57,116",0,40,40,0,0,1573154743200,"07/11/2019 19:25:55,200",1573154757090,"07/11/2019 19:25:57,090","5,80"
304,reflist_6,"07/11/2019 19:26:02,669",0,12,12,0,0,1573154748825,"07/11/2019 19:26:00,825",1573154762654,"07/11/2019 19:26:02,654","5,63"
305,reflist_7,"07/11/2019 19:26:08,608",0,10,10,0,0,1573154754697,"07/11/2019 19:26:06,697",1573154768591,"07/11/2019 19:26:08,591","5,87"
306,reflist_8,"07/11/2019 19:26:14,075",0,40,40,0,0,1573154760246,"07/11/2019 19:26:12,246",1573154774064,"07/11/2019 19:26:14,064","5,55"
307,reflist_9,"07/11/2019 19:26:19,533",0,8,8,0,0,1573154765594,"07/11/2019 19:26:17,594",1573154779517,"07/11/2019 19:26:19,517","5,35"
308,reflist_0,"07/11/2019 19:26:25,442",0,8,8,0,0,1573154771522,"07/11/2019 19:26:23,522",1573154785428,"07/11/2019 19:26:25,428","5,93"
309,reflist_1,"07/11/2019 19:26:31,381",0,10,10,0,0,1573154777463,"07/11/2019 19:26:29,463",1573154791368,"07/11/2019 19:26:31,368","5,94"
310,reflist_2,"07/11/2019 19:26:37,270",201,34,33,1,0,1573154783351,"07/11/2019 19:26:35,351",1573154797258,"07/11/2019 19:26:37,258","5,89"
311,reflist_3,"07/11/2019 19:26:43,215",0,10,10,0,0,1573154789234,"07/11/2019 19:26:41,234",1573154803168,"07/11/2019 19:26:43,168","5,88"
312,reflist_4,"07/11/2019 19:26:48,216",0,5,5,0,0,1573154794442,"07/11/2019 19:26:46,442",1573154808200,"07/11/2019 19:26:48,200","5,21"
313,reflist_5,"07/11/2019 19:26:54,336",201,40,39,1,0,1573154800345,"07/11/2019 19:26:52,345",1573154814327,"07/11/2019 19:26:54,327","5,90"
314,reflist_6,"07/11/2019 19:26:59,790",0,12,12,0,0,1573154805974,"07/11/2019 19:26:57,974",1573154819765,"07/11/2019 19:26:59,765","5,63"
315,reflist_7,"07/11/2019 19:27:06,077",0,10,10,0,0,1573154812098,"07/11/2019 19:27:04,098",1573154826062,"07/11/2019 19:27:06,062","6,12"
316,reflist_9,"07/11/2019 19:27:16,628",0,8,8,0,0,1573154822847,"07/11/2019 19:27:14,847",1573154836612,"07/11/2019 19:27:16,612","10,75"
317,reflist_0,"07/11/2019 19:27:23,037",0,8,8,0,0,1573154829114,"07/11/2019 19:27:21,114",1573154843021,"07/11/2019 19:27:23,021","6,27"
318,reflist_1,"07/11/2019 19:27:29,060",0,10,10,0,0,1573154835099,"07/11/2019 19:27:27,099",1573154849052,"07/11/2019 19:27:29,052","5,99"
319,reflist_2,"07/11/2019 19:27:34,943",0,34,34,0,0,1573154841048,"07/11/2019 19:27:33,048",1573154854927,"07/11/2019 19:27:34,927","5,95"
320,reflist_3,"07/11/2019 19:27:40,643",0,10,10,0,0,1573154846690,"07/11/2019 19:27:38,690",1573154860632,"07/11/2019 19:27:40,632","5,64"
321,reflist_4,"07/11/2019 19:27:45,674",0,5,5,0,0,1573154851868,"07/11/2019 19:27:43,868",1573154865648,"07/11/2019 19:27:45,648","5,18"
322,reflist_5,"07/11/2019 19:27:51,662",201,40,39,1,0,1573154857785,"07/11/2019 19:27:49,785",1573154871651,"07/11/2019 19:27:51,651","5,92"
323,reflist_6,"07/11/2019 19:27:57,357",0,12,12,0,0,1573154863318,"07/11/2019 19:27:55,318",1573154877307,"07/11/2019 19:27:57,307","5,53"
324,reflist_7,"07/11/2019 19:28:03,357",0,10,10,0,0,1573154869455,"07/11/2019 19:28:01,455",1573154883339,"07/11/2019 19:28:03,339","6,14"
325,reflist_8,"07/11/2019 19:28:08,788",0,40,40,0,0,1573154874946,"07/11/2019 19:28:06,946",1573154888777,"07/11/2019 19:28:08,777","5,49"
326,reflist_9,"07/11/2019 19:28:14,413",0,8,8,0,0,1573154880489,"07/11/2019 19:28:12,489",1573154894402,"07/11/2019 19:28:14,402","5,54"
327,reflist_0,"07/11/2019 19:28:20,356",0,8,8,0,0,1573154886448,"07/11/2019 19:28:18,448",1573154900339,"07/11/2019 19:28:20,339","5,96"
328,reflist_1,"07/11/2019 19:28:26,258",0,10,10,0,0,1573154892326,"07/11/2019 19:28:24,326",1573154906246,"07/11/2019 19:28:26,246","5,88"
329,reflist_2,"07/11/2019 19:28:32,273",0,34,34,0,0,1573154898313,"07/11/2019 19:28:30,313",1573154912246,"07/11/2019 19:28:32,246","5,99"
330,reflist_3,"07/11/2019 19:28:37,742",0,10,10,0,0,1573154903957,"07/11/2019 19:28:35,957",1573154917731,"07/11/2019 19:28:37,731","5,64"
331,reflist_4,"07/11/2019 19:28:43,311",0,5,5,0,0,1573154909350,"07/11/2019 19:28:41,350",1573154923295,"07/11/2019 19:28:43,295","5,39"
332,reflist_5,"07/11/2019 19:28:49,235",0,40,40,0,0,1573154915330,"07/11/2019 19:28:47,330",1573154929218,"07/11/2019 19:28:49,218","5,98"
333,reflist_6,"07/11/2019 19:28:54,704",0,12,12,0,0,1573154920815,"07/11/2019 19:28:52,815",1573154934689,"07/11/2019 19:28:54,689","5,49"
334,reflist_7,"07/11/2019 19:29:00,673",0,10,10,0,0,1573154926878,"07/11/2019 19:28:58,878",1573154940660,"07/11/2019 19:29:00,660","6,06"
335,reflist_8,"07/11/2019 19:29:06,116",201,40,39,1,0,1573154932235,"07/11/2019 19:29:04,235",1573154946098,"07/11/2019 19:29:06,098","5,36"
336,reflist_9,"07/11/2019 19:29:17,333",0,8,8,0,0,1573154943430,"07/11/2019 19:29:15,430",1573154957317,"07/11/2019 19:29:17,317","11,20"
337,reflist_0,"07/11/2019 19:29:26,351",0,8,8,0,0,1573154952401,"07/11/2019 19:29:24,401",1573154966340,"07/11/2019 19:29:26,340","8,97"
338,reflist_1,"07/11/2019 19:29:35,071",0,10,10,0,0,1573154961127,"07/11/2019 19:29:33,127",1573154975060,"07/11/2019 19:29:35,060","8,73"
339,reflist_2,"07/11/2019 19:29:40,665",0,34,34,0,0,1573154966769,"07/11/2019 19:29:38,769",1573154980654,"07/11/2019 19:29:40,654","5,64"
340,reflist_3,"07/11/2019 19:29:46,681",0,10,10,0,0,1573154972731,"07/11/2019 19:29:44,731",1573154986654,"07/11/2019 19:29:46,654","5,96"
341,reflist_4,"07/11/2019 19:29:54,109",0,5,5,0,0,1573154980293,"07/11/2019 19:29:52,293",1573154994092,"07/11/2019 19:29:54,092","7,56"
342,reflist_5,"07/11/2019 19:29:58,799",0,40,40,0,0,1573154984961,"07/11/2019 19:29:56,961",1573154998764,"07/11/2019 19:29:58,764","4,67"
343,reflist_6,"07/11/2019 19:30:05,868",0,12,12,0,0,1573154992048,"07/11/2019 19:30:04,048",1573155005858,"07/11/2019 19:30:05,858","7,09"
344,reflist_7,"07/11/2019 19:30:13,959",0,10,10,0,0,1573155000002,"07/11/2019 19:30:12,002",1573155013765,"07/11/2019 19:30:13,765","7,95"
345,reflist_8,"07/11/2019 19:30:18,189",201,40,38,2,0,1573155004371,"07/11/2019 19:30:16,371",1573155018125,"07/11/2019 19:30:18,125","4,37"
346,reflist_9,"07/11/2019 19:30:25,481",0,8,8,0,0,1573155011561,"07/11/2019 19:30:23,561",1573155025469,"07/11/2019 19:30:25,469","7,19"
347,reflist_0,"07/11/2019 19:30:33,584",0,8,8,0,0,1573155019594,"07/11/2019 19:30:31,594",1573155033551,"07/11/2019 19:30:33,551","8,03"
348,reflist_1,"07/11/2019 19:30:39,282",0,10,10,0,0,1573155025238,"07/11/2019 19:30:37,238",1573155039271,"07/11/2019 19:30:39,271","5,64"
349,reflist_2,"07/11/2019 19:30:45,315",0,34,34,0,0,1573155031391,"07/11/2019 19:30:43,391",1573155045292,"07/11/2019 19:30:45,292","6,15"
350,reflist_3,"07/11/2019 19:30:50,404",0,10,10,0,0,1573155036517,"07/11/2019 19:30:48,517",1573155050334,"07/11/2019 19:30:50,334","5,13"
351,reflist_4,"07/11/2019 19:30:55,347",0,5,5,0,0,1573155041566,"07/11/2019 19:30:53,566",1573155055335,"07/11/2019 19:30:55,335","5,05"
352,reflist_5,"07/11/2019 19:31:01,664",0,40,40,0,0,1573155047708,"07/11/2019 19:30:59,708",1573155061650,"07/11/2019 19:31:01,650","6,14"
353,reflist_6,"07/11/2019 19:31:10,944",0,12,12,0,0,1573155057140,"07/11/2019 19:31:09,140",1573155070931,"07/11/2019 19:31:10,931","9,43"
354,reflist_7,"07/11/2019 19:31:15,651",201,10,9,1,0,1573155061831,"07/11/2019 19:31:13,831",1573155075636,"07/11/2019 19:31:15,636","4,69"
355,reflist_8,"07/11/2019 19:31:22,012",0,40,40,0,0,1573155068135,"07/11/2019 19:31:20,135",1573155081995,"07/11/2019 19:31:21,995","6,30"
356,reflist_9,"07/11/2019 19:31:30,691",0,8,8,0,0,1573155076821,"07/11/2019 19:31:28,821",1573155090682,"07/11/2019 19:31:30,682","8,69"
357,reflist_0,"07/11/2019 19:31:37,712",0,8,8,0,0,1573155083943,"07/11/2019 19:31:35,943",1573155097699,"07/11/2019 19:31:37,699","7,12"
358,reflist_1,"07/11/2019 19:31:43,697",0,10,10,0,0,1573155089706,"07/11/2019 19:31:41,706",1573155103668,"07/11/2019 19:31:43,668","5,76"
359,reflist_2,"07/11/2019 19:31:49,993",0,34,34,0,0,1573155096053,"07/11/2019 19:31:48,053",1573155109965,"07/11/2019 19:31:49,965","6,35"
360,reflist_3,"07/11/2019 19:31:55,632",0,10,10,0,0,1573155101666,"07/11/2019 19:31:53,666",1573155115622,"07/11/2019 19:31:55,622","5,61"
361,reflist_4,"07/11/2019 19:32:02,466",0,5,5,0,0,1573155108505,"07/11/2019 19:32:00,505",1573155122455,"07/11/2019 19:32:02,455","6,84"
362,reflist_5,"07/11/2019 19:32:09,629",0,40,40,0,0,1573155115666,"07/11/2019 19:32:07,666",1573155129612,"07/11/2019 19:32:09,612","7,16"
363,reflist_6,"07/11/2019 19:32:17,110",0,12,12,0,0,1573155123130,"07/11/2019 19:32:15,130",1573155137098,"07/11/2019 19:32:17,098","7,46"
364,reflist_7,"07/11/2019 19:32:21,656",0,10,10,0,0,1573155127958,"07/11/2019 19:32:19,958",1573155141645,"07/11/2019 19:32:21,645","4,83"
365,reflist_8,"07/11/2019 19:32:27,642",0,40,40,0,0,1573155133745,"07/11/2019 19:32:25,745",1573155147614,"07/11/2019 19:32:27,614","5,79"
366,reflist_9,"07/11/2019 19:32:33,163",0,8,8,0,0,1573155139221,"07/11/2019 19:32:31,221",1573155153145,"07/11/2019 19:32:33,145","5,48"
367,reflist_0,"07/11/2019 19:32:40,336",0,8,8,0,0,1573155146496,"07/11/2019 19:32:38,496",1573155160318,"07/11/2019 19:32:40,318","7,28"
368,reflist_1,"07/11/2019 19:32:47,069",0,10,10,0,0,1573155153040,"07/11/2019 19:32:45,040",1573155167052,"07/11/2019 19:32:47,052","6,54"
369,reflist_2,"07/11/2019 19:32:51,680",0,34,34,0,0,1573155157961,"07/11/2019 19:32:49,961",1573155171662,"07/11/2019 19:32:51,662","4,92"
370,reflist_3,"07/11/2019 19:32:58,365",0,10,10,0,0,1573155164443,"07/11/2019 19:32:56,443",1573155178335,"07/11/2019 19:32:58,335","6,48"
371,reflist_4,"07/11/2019 19:33:07,462",0,5,5,0,0,1573155173552,"07/11/2019 19:33:05,552",1573155187413,"07/11/2019 19:33:07,413","9,11"
372,reflist_5,"07/11/2019 19:33:13,101",0,40,40,0,0,1573155179122,"07/11/2019 19:33:11,122",1573155193085,"07/11/2019 19:33:13,085","5,57"
373,reflist_6,"07/11/2019 19:33:20,367",0,12,12,0,0,1573155186358,"07/11/2019 19:33:18,358",1573155200336,"07/11/2019 19:33:20,336","7,24"
374,reflist_7,"07/11/2019 19:33:25,057",0,10,10,0,0,1573155191204,"07/11/2019 19:33:23,204",1573155205040,"07/11/2019 19:33:25,040","4,85"
375,reflist_8,"07/11/2019 19:33:30,678",0,40,40,0,0,1573155196700,"07/11/2019 19:33:28,700",1573155210669,"07/11/2019 19:33:30,669","5,50"
376,reflist_9,"07/11/2019 19:33:36,239",0,8,8,0,0,1573155202318,"07/11/2019 19:33:34,318",1573155216228,"07/11/2019 19:33:36,228","5,62"
377,reflist_0,"07/11/2019 19:33:42,544",0,8,8,0,0,1573155208667,"07/11/2019 19:33:40,667",1573155222527,"07/11/2019 19:33:42,527","6,35"
378,reflist_1,"07/11/2019 19:33:50,841",0,10,10,0,0,1573155217005,"07/11/2019 19:33:49,005",1573155230824,"07/11/2019 19:33:50,824","8,34"
379,reflist_2,"07/11/2019 19:33:57,240",0,34,34,0,0,1573155223303,"07/11/2019 19:33:55,303",1573155237230,"07/11/2019 19:33:57,230","6,30"
380,reflist_3,"07/11/2019 19:34:01,578",0,10,10,0,0,1573155227656,"07/11/2019 19:33:59,656",1573155241465,"07/11/2019 19:34:01,465","4,35"
381,reflist_4,"07/11/2019 19:34:06,991",0,5,5,0,0,1573155233174,"07/11/2019 19:34:05,174",1573155246981,"07/11/2019 19:34:06,981","5,52"
382,reflist_5,"07/11/2019 19:34:13,108",0,40,40,0,0,1573155239054,"07/11/2019 19:34:11,054",1573155253091,"07/11/2019 19:34:13,091","5,88"
383,reflist_6,"07/11/2019 19:34:18,674",0,12,12,0,0,1573155244759,"07/11/2019 19:34:16,759",1573155258655,"07/11/2019 19:34:18,655","5,71"
384,reflist_7,"07/11/2019 19:34:24,705",0,10,10,0,0,1573155250740,"07/11/2019 19:34:22,740",1573155264686,"07/11/2019 19:34:24,686","5,98"
385,reflist_8,"07/11/2019 19:34:29,690",201,40,39,1,0,1573155255950,"07/11/2019 19:34:27,950",1573155269670,"07/11/2019 19:34:29,670","5,21"
386,reflist_9,"07/11/2019 19:34:35,688",0,8,8,0,0,1573155261696,"07/11/2019 19:34:33,696",1573155275671,"07/11/2019 19:34:35,671","5,75"
387,reflist_0,"07/11/2019 19:34:41,636",0,8,8,0,0,1573155267687,"07/11/2019 19:34:39,687",1573155281624,"07/11/2019 19:34:41,624","5,99"
388,reflist_1,"07/11/2019 19:34:48,649",0,10,10,0,0,1573155274836,"07/11/2019 19:34:46,836",1573155288639,"07/11/2019 19:34:48,639","7,15"
